file name,PR interval duration entropy,P wave duration entropy,QT interval duration entropy,T wave duration entropy,Heart rate,Mean duration or PR interval,Mean duration of P wave,Mean duration of QT interval,Mean duration of RR interval,Mean duration of T wave,Mean duration of QRS complex,Mean amplitude of P wave,Mean apmlitude of QRS complex,Mean amplitude of T wave,RR differences greater than 20 ms,RR differences greater than 50 ms,Root mean square of RR differences,Standard deviation for PR interval duration,Standard deviation for P wave duration,Standard deviation for QT interval duration,Standard deviation for RR differences,Standard deviation for RR interval duration,Standard deviation for T wave,Standard deviation for P wave amplitude,Standard deviation for QRS complex apmplitude,Standard Deviation for T wave amplitude,Standard Deviation for QRS complex duration,Mean aplitude of left segment,Mean amplitude of mid segment,Mean amplitude of right segment,Variance of amplitude of left segment,Variance of amplitude of mid segment,Variance of amplitude of right segment,Skew of amplitude of left segment,Skew of aplitude mid segment,Skew of amplitude right segment,Kurtosis of amplitude on left segment ,Kurtosis of amplitude on mid segment,Kurtosis of amplitude on right segment,Mean wavelet detail coeficient on left segment,Mean wavelet detail coeficient on mid segment,Mean wavelet detail coeficient on right segment,Mean kurtosis on wavelet detail coeficient on left seg.,Mean kurtosis on wavelet detail coeficient on mid seg.,Mean kurtosis on wavelet detail coeficient on right seg.,Mean skew on wavelet detail coeficient on left segment,Mean skew on wavelet detail coeficient on mid segment,Mean skew on wavelet detail coeficient on right segment,Mean std of wavelet detail coefficients from left seg,Mean std of wavelet detail coefficients from mid seg,Mean std of wavelet detail coefficients from right seg
bn_img_0,3.48276130817,3.4724700524,3.57994343284,3.49162238979,100,0.135555555556,0.107222222222,0.420873015873,0.59404040404,0.193253968254,0.153099415205,0.0180277777778,-0.0244473684211,0.0361666666667,0.261538461538,0.153846153846,0.124967004192,0.0234520787991,0.0299330528734,0.0900471937516,0.124899644133,31.3148793908,0.0769748398915,0.0888613889753,0.615432309076,0.129445735398,0.0353035273661,0.0903065902579,0.103365269461,0.0844888579387,0.00913823551531,0.0180435132848,0.00617059249424,3.67827513071,2.56705224156,0.820428598128,21.1651345701,8.92580423788,0.495268501031,0.0,0.0,0.0,-3.0,-3.0,-3.0,0.0,0.0,0.0,0.0,0.0,0.0
bn_img_10,3.26798175283,3.29554050195,2.45499733131,2.49959708886,84,0.224333333333,0.373666666667,0.740512820513,0.713393939394,0.435641025641,0.548424242424,-0.0226166666667,0.0189181818182,-0.0136923076923,0.425925925926,0.388888888889,0.2566670675,0.142950781481,0.260061744805,0.383663951412,0.256582069384,62.1439650867,0.213503075962,0.16184708232,0.323731605496,0.236150663973,0.4877898432,0.177075342466,0.171859030837,0.286904761905,0.00822645322762,0.0010737862951,0.0146166575964,1.00186574085,0.94349607674,0.859968053122,10.4901771919,3.8151122951,-0.671723736677,0.0,0.0,0.0,-3.0,-3.0,-3.0,0.0,0.0,0.0,0.0,0.0,0.0
bn_img_100,3.38772400715,3.36922589776,2.39721752083,2.46052511509,70,0.177047619048,0.105196078431,0.562777777778,0.850652173913,0.313333333333,0.0986231884058,0.0275882352941,0.252315217391,0.0235416666667,0.266666666667,0.111111111111,0.089073419571,0.0176701960279,0.0110610656884,0.0686892267866,0.0890733887708,15.8520600296,0.0801734231387,0.0333674882686,0.559913739073,0.108012626255,0.0578836751491,-0.033788874842,-0.0461930501931,0.00524537815126,0.00226415138066,0.00384303222969,0.00157347256267,0.268364125128,-0.664710792616,0.863509619615,-0.998712981964,-0.148126676108,0.673339116116,0.0,0.0,0.0,-3.0,-3.0,-3.0,0.0,0.0,0.0,0.0,0.0,0.0
bn_img_101,3.16769214725,3.29393840689,3.42683744953,3.45088943864,118,0.131182795699,0.208494623656,0.422368421053,0.49325,0.218684210526,0.235763888889,0.0174838709677,-0.0197708333333,0.164802631579,0.164556962025,0.113924050633,0.103291811448,0.0385354502069,0.189730687666,0.196660582562,0.103291811448,21.8202744025,0.156138601409,0.200875803544,0.678023690269,0.248229587582,0.217337358926,-0.0362742857143,0.00974375,-0.0410976095618,0.0153299704816,0.00972028121094,0.00114393270345,-2.51366801206,0.77445260987,0.0835204625977,22.2592808016,2.30049097172,-0.981712647026,0.0,0.0,0.0,-3.0,-3.0,-3.0,0.0,0.0,0.0,0.0,0.0,0.0
bn_img_102,1.96757949723,2.03300019998,2.03300019998,2.02470344664,43,0.159583333333,0.108333333333,0.6575,1.77719298246,0.340833333333,0.235555555556,0.1206875,0.354222222222,-0.0580625,0.555555555556,0.555555555556,1.3864102327,0.0236547798787,0.0355512150128,0.203140277203,1.38635635773,258.73137119,0.195354023364,0.180807206974,0.801802850911,0.412875165569,0.17032285972,-0.29341221374,-0.473653846154,-0.368837253655,0.280096517103,0.122897354536,0.0922833848296,0.123789630873,0.268873180219,0.0918221531505,-0.759427438713,-1.56495018578,0.0478106884278,0.0,0.0,0.0,-3.0,-3.0,-3.0,0.0,0.0,0.0,0.0,0.0,0.0
bn_img_103,3.10248622171,3.0602424689,3.74192745115,3.83550597267,140,0.147536231884,0.1776,0.365220125786,0.43358974359,0.188553459119,0.212259259259,0.00284,-0.569655555556,0.190198113208,0.233333333333,0.2,0.164797294117,0.0401593130716,0.157828373734,0.162877054164,0.16473225148,34.6905411212,0.169972879122,0.181822040468,0.458527823247,0.124359124648,0.141606155075,0.241918032787,0.316460526316,0.314897058824,0.00950293590433,0.00522820458218,0.00285973940311,-3.3990230783,0.98460882198,1.69568020255,12.0117193812,0.654838916842,1.86566971046,0.0,0.0,0.0,-3.0,-3.0,-3.0,0.0,0.0,0.0,0.0,0.0,0.0
bn_img_104,2.49959708886,2.60669560832,2.30964993921,2.38372384897,42,0.159230769231,0.117380952381,0.784545454545,1.31540229885,0.458055555556,0.254444444444,0.0409285714286,-0.144444444444,0.0722916666667,0.5,0.464285714286,1.18667251871,0.0694441157126,0.0343460117929,0.766321757366,1.1862076032,236.601135887,0.685543118472,0.1093707419,0.564979765835,0.243634670009,0.226817306516,0.00231111111111,0.0448208232446,0.0201329252296,0.00926017876543,0.00171070881579,0.0108728690821,-1.23009273813,1.76568428459,0.427726682429,0.865714552301,3.76621122354,0.130897846444,0.0,0.0,0.0,-3.0,-3.0,-3.0,0.0,0.0,0.0,0.0,0.0,0.0
bn_img_105,3.0480796309,3.29754033629,3.08558545336,3.23359792675,83,0.165555555556,1.01540229885,1.47192307692,0.667401129944,1.1591954023,1.29987421384,0.0217068965517,-0.00312264150943,0.0384310344828,0.48275862069,0.413793103448,0.730605165631,0.0901884173122,0.79901587639,0.931015975276,0.730528632908,157.04377753,0.906666943531,0.292843329811,0.536901601133,0.451067139359,0.883222839242,0.122166666667,0.12727027027,0.16425,3.65833333333e-05,0.00451771073776,0.0109105708333,1.08104304853,1.04111178181,0.273412329047,-0.434351558298,0.49188590024,-0.396369874603,0.0,0.0,0.0,-3.0,-3.0,-3.0,0.0,0.0,0.0,0.0,0.0,0.0
bn_img_11,1.74806734855,1.85627012819,1.73476452103,1.66094743329,55,0.163888888889,0.11380952381,0.559444444444,1.11761904762,0.253888888889,0.178666666667,0.0222857142857,-0.2742,0.0699166666667,0.411764705882,0.411764705882,0.507926388059,0.0343412432456,0.044665549788,0.10178802714,0.507656080699,106.19162502,0.0349823588698,0.0376068545641,0.4245022497,0.278129678487,0.0731239434871,0.230105769231,0.378491525424,0.257989361702,0.000854556120562,0.0564640973858,0.00182896797193,0.910748602351,1.92285908276,-1.36657431331,-0.761540907861,2.21680198961,2.7070497551,0.0,0.0,0.0,-3.0,-3.0,-3.0,0.0,0.0,0.0,0.0,0.0,0.0
bn_img_12,1.05492016799,1.32966134885,1.05492016799,1.09861228867,157,0.157777777778,0.116666666667,0.335555555556,0.326120218579,0.111111111111,0.16,-0.29275,-0.18025,-0.00783333333333,0.363636363636,0.314049586777,0.208086961761,0.082297263054,0.0262466929134,0.032241373619,0.20804200882,52.8231445572,0.0245452467049,0.230014809306,0.259504937333,0.0275993156115,0.0647216261298,0.0720392156863,0.0907941176471,0.0976140350877,1.57631680123e-05,0.00168798702422,0.000953815943367,-0.252704594561,0.158830664451,0.558115402666,-1.72737861273,-1.80504946079,-1.09967899644,0.0,0.0,0.0,-3.0,-3.0,-3.0,0.0,0.0,0.0,0.0,0.0,0.0
bn_img_13,0.0,0.0,2.02470344664,1.89520637407,124,0.143333333333,0.0533333333333,0.361666666667,0.491583333333,0.1525,0.0838095238095,-0.3105,-0.350142857143,-0.0463125,0.20253164557,0.164556962025,0.122024645317,0.0,0.0,0.0150923085636,0.122024645317,29.9666376993,0.0271697339782,0.0,0.413475402126,0.119965082811,0.026393155163,-0.188607142857,-0.19571875,-0.273777777778,0.000126024234694,0.00407878548177,4.3950617284e-06,1.23450243214,0.561184125366,1.44141846548,-0.0640773496913,-0.610776165526,0.41680343391,0.0,0.0,0.0,-3.0,-3.0,-3.0,0.0,0.0,0.0,0.0,0.0,0.0
bn_img_14,2.35985684453,2.25622984754,2.19664361303,2.22329343931,81,0.154444444444,0.0930303030303,0.434545454545,0.719575757576,0.172727272727,0.192298850575,-0.0248636363636,0.115448275862,0.0320909090909,0.425925925926,0.37037037037,0.487977686193,0.0527456042285,0.0345959227309,0.199576687001,0.48794463932,97.8457142733,0.12733331891,0.147236990614,0.370427882712,0.0645825117694,0.155814762427,0.230631355932,0.238463276836,0.604942084942,0.00692601240664,0.0263394689904,0.114898649155,-1.3573388038,2.5897616016,-0.408263511074,2.47105399673,7.26285529387,-1.80800621129,0.0,0.0,0.0,-3.0,-3.0,-3.0,0.0,0.0,0.0,0.0,0.0,0.0
bn_img_18,3.57659299933,3.65437799552,3.41166974161,3.48224575833,84,0.129756097561,0.092196969697,0.366036036036,0.712857142857,0.200990990991,0.142160493827,-0.00539772727273,-0.157898148148,0.0818513513514,0.218181818182,0.127272727273,0.311801542684,0.0289976192267,0.0451537395222,0.0404467383276,0.311716713473,53.068496362,0.0444780531963,0.173952076066,0.420026546556,0.25333531526,0.0405931201341,0.0391285475793,0.0964308681672,0.0440649598777,0.00634618881776,0.0118709590472,0.00188537369386,6.41051927166,1.59682715713,1.4614518547,58.1436790202,2.09263263251,6.62059042585,0.0,0.0,0.0,-3.0,-3.0,-3.0,0.0,0.0,0.0,0.0,0.0,0.0
bn_img_19,3.47588399742,3.38981851183,3.38078911742,3.26339201602,81,0.11045045045,0.0876576576577,0.451290322581,0.767385620915,0.173440860215,0.13431372549,0.0221891891892,0.095137254902,0.00520967741935,0.32,0.28,0.279426794229,0.0367048299525,0.0247493727268,0.0767469304926,0.278666419458,71.7193095462,0.0757825784113,0.0704663376939,0.492495566601,0.105902555194,0.0498157569181,0.295558528428,0.320620452986,0.300396226415,0.00138643386539,0.00218899458511,0.000936851259345,0.239075646207,-0.17598095906,0.52498192559,-0.655470572372,-0.127721304385,0.348382742105,0.0,0.0,0.0,-3.0,-3.0,-3.0,0.0,0.0,0.0,0.0,0.0,0.0
bn_img_20,2.96398607758,2.98427227948,2.25002874895,2.34039276386,96,0.337101449275,0.557638888889,0.854545454545,0.586567164179,0.474444444444,0.624133333333,0.106854166667,0.14414,-0.0876666666667,0.409090909091,0.363636363636,0.429655919026,0.316718232793,0.587141915433,0.468108751776,0.429644137383,87.2495084277,0.342664757164,0.178841030385,0.509760728578,0.314000619249,0.550303576825,0.0885985915493,0.167717391304,0.0575636363636,0.0353698177445,0.0168750505671,0.00236631867769,-0.10128843338,0.815321740429,-0.747765763537,-1.06642572431,-0.360164830881,-0.100040548492,0.0,0.0,0.0,-3.0,-3.0,-3.0,0.0,0.0,0.0,0.0,0.0,0.0
bn_img_21,3.38226751841,3.29413220358,3.15305495786,3.22989367958,97,0.195454545455,0.190095238095,0.551728395062,0.613076923077,0.302142857143,0.239071038251,0.000728571428571,-0.205213114754,-0.0547857142857,0.15625,0.09375,0.177801484964,0.115370339663,0.232025567439,0.342756161598,0.177801294255,33.964373956,0.285422569332,0.103303944252,0.558778061305,0.114120818541,0.284241957494,0.229524409449,0.225809399478,0.237202531646,0.00213020530969,0.00291777307092,0.000745179234097,1.22948556924,1.47816341642,0.13982099239,0.894303739375,4.76043359783,2.59482153896,0.0,0.0,0.0,-3.0,-3.0,-3.0,0.0,0.0,0.0,0.0,0.0,0.0
bn_img_22,3.31541362425,3.26732909832,3.14132836084,3.21183059621,97,0.211041666667,0.368921568627,0.695,0.614427083333,0.452988505747,0.46367816092,-0.0238088235294,-0.217422413793,-0.0439827586207,0.174603174603,0.111111111111,0.203171502953,0.139210166605,0.368347946288,0.425654025244,0.20316874716,37.5861737742,0.371947700385,0.0991502139289,0.560079818832,0.121817874429,0.481190927471,0.22583632287,0.224725043783,0.238754940711,0.00210097096764,0.00381068972307,0.00103221662579,1.36804885911,1.34996228612,-0.0763039470071,2.22378888829,3.38951495667,1.36152280062,0.0,0.0,0.0,-3.0,-3.0,-3.0,0.0,0.0,0.0,0.0,0.0,0.0
bn_img_23,3.33651751709,3.62531344245,2.59891930492,2.74992794519,89,0.212395833333,0.893166666667,1.43311111111,0.686842105263,0.986875,0.9854,-0.0648125,-0.2606,-0.033,0.357142857143,0.339285714286,0.295389506106,0.20136036376,0.555105070134,0.646299399335,0.295337630831,72.7498528491,0.488452017361,0.353001800411,0.488035726151,0.186584766259,0.566299838131,0.243125,0.0424285714286,0.175738636364,0.004937109375,0.0543715306122,0.00128071577996,-1.81843862487,0.437060543732,-0.696684530082,2.97230436909,-1.80041837908,-1.01444212406,0.0,0.0,0.0,-3.0,-3.0,-3.0,0.0,0.0,0.0,0.0,0.0,0.0
bn_img_24,2.05056819418,2.42030397467,1.31383403319,1.58109375017,68,0.135925925926,0.192222222222,0.491666666667,0.602433862434,0.276666666667,0.360476190476,0.292041666667,0.428547619048,0.5831,0.467741935484,0.451612903226,0.581736678166,0.0601392987469,0.106695597928,0.235342539952,0.581620755478,120.317992209,0.212236765063,0.461981712225,0.703579367452,0.286491954512,0.274161126907,-0.656978723404,-0.923989130435,-0.92785,0.273559680398,0.000859249881853,4.95275e-05,1.63088559052,2.4691165012,-0.240825924013,1.09613253033,5.16161028316,-1.74485882657,0.0,0.0,0.0,-3.0,-3.0,-3.0,0.0,0.0,0.0,0.0,0.0,0.0
bn_img_25,3.52973842062,3.38224517325,3.33365886298,3.27195737601,70,0.123693693694,0.0912612612613,0.463555555556,0.850797101449,0.188222222222,0.123875968992,0.039527027027,0.187988372093,0.0367166666667,0.333333333333,0.288888888889,0.250432218966,0.0460107298087,0.0286256919751,0.0766856659228,0.250421690993,58.6456510054,0.0791282752916,0.0654953006305,0.664100786414,0.131165460604,0.029726837617,-0.0641083123426,-0.0336966542751,-0.0559668674699,0.00283231824325,0.00642316151297,0.00294218263718,-0.175882799339,-0.0695347043799,-0.216039157014,-0.391553249775,-0.319055991129,0.801810806518,0.0,0.0,0.0,-3.0,-3.0,-3.0,0.0,0.0,0.0,0.0,0.0,0.0
bn_img_27,3.59458676934,3.45232489495,3.21478975941,3.32053864316,83,0.135916666667,0.108205128205,0.514375,0.72512345679,0.24875,0.185432098765,-0.0163974358974,-0.0258981481481,0.06290625,0.320754716981,0.22641509434,0.168558445904,0.0382570799548,0.0575414932852,0.196662142427,0.168551112346,52.1147995483,0.216067681655,0.131000057716,0.573498533852,0.171427892891,0.106073381495,0.22399408284,0.197648775895,0.194710617627,0.00297484611883,0.00414173634031,0.00171407101149,1.85610463147,1.02140170804,-0.552779972867,13.2472679453,4.07883858315,-0.133822604502,0.0,0.0,0.0,-3.0,-3.0,-3.0,0.0,0.0,0.0,0.0,0.0,0.0
bn_img_28,3.32842203946,3.37107802302,2.49415216356,2.55122567393,130,0.0991919191919,0.208518518519,0.578,0.434518518519,0.278444444444,0.290299625468,0.117444444444,0.0319775280899,0.0297333333333,0.359550561798,0.280898876404,0.182413764621,0.0686278712758,0.141435420076,0.244248810604,0.182389766755,41.6984708249,0.151993502135,0.264783789623,0.612064754368,0.194445096507,0.169191837171,0.121381818182,0.032735042735,-0.0164086021505,0.108453472397,0.0139618357806,0.00385213411955,1.25146605145,0.673362026441,1.73917811428,-0.207775917847,-0.50369710833,5.2115315716,0.0,0.0,0.0,-3.0,-3.0,-3.0,0.0,0.0,0.0,0.0,0.0,0.0
bn_img_29,3.53655419696,3.47691107128,3.15087197488,3.14920489222,129,0.135350877193,0.210158730159,0.48880952381,0.465176470588,0.308735632184,0.27918699187,0.00236904761905,0.189493902439,-0.0533793103448,0.238095238095,0.107142857143,0.105861919649,0.0619022974457,0.203065074644,0.302990667631,0.105832395946,25.3518793281,0.301491075833,0.152540121948,0.462898434139,0.137700114891,0.295234306369,0.0684863523573,0.137286021505,0.077012195122,0.00424863194774,0.0154101655035,0.000679036436645,-1.83462689785,1.59786391027,0.257411358103,8.46230622471,2.49294621629,0.334493406811,0.0,0.0,0.0,-3.0,-3.0,-3.0,0.0,0.0,0.0,0.0,0.0,0.0
bn_img_3,2.91405455293,3.00055350454,3.38516923915,3.47352445271,121,0.134333333333,0.138787878788,0.402037037037,0.490916666667,0.188148148148,0.287272727273,0.0884772727273,-0.124623376623,0.0918888888889,0.303797468354,0.20253164557,0.142226617372,0.053020960216,0.157372829707,0.224950306965,0.142226617372,29.6812124921,0.192606302931,0.222829198617,0.480705475586,0.203836744013,0.311114334422,-0.0146654135338,-0.104541666667,-0.00588,0.0229792226384,0.0456593260417,0.0063693856,-1.31661743646,-0.398971484196,-0.0927379429076,2.14383607223,-0.994216081508,-0.146918409293,0.0,0.0,0.0,-3.0,-3.0,-3.0,0.0,0.0,0.0,0.0,0.0,0.0
bn_img_30,2.53076872081,2.72022931374,2.37201415718,2.5280113066,51,0.131555555556,0.108823529412,0.630277777778,1.138,0.474,0.183968253968,-0.0545,-0.212023809524,0.0499333333333,0.382352941176,0.382352941176,0.590383723672,0.0484403668009,0.0741834960106,0.388249772444,0.589231770359,141.459979197,0.507603227962,0.159589731352,0.463821329419,0.35392385559,0.147068781546,0.238691304348,0.249003472222,0.247679440704,0.00246050905482,0.00922736457128,0.0127884663769,1.55502754038,0.489940463404,5.479759769,2.03330587221,-0.20514967558,31.3434932626,0.0,0.0,0.0,-3.0,-3.0,-3.0,0.0,0.0,0.0,0.0,0.0,0.0
bn_img_31,3.71187125127,3.88177088129,3.23653305853,3.35151325442,115,0.157,0.382807017544,0.844523809524,0.493708333333,0.632580645161,0.476421568627,0.0597105263158,-0.121573529412,0.0753548387097,0.417721518987,0.354430379747,0.310285472658,0.0876184911991,0.30296699778,0.334663078957,0.310179696362,68.4068698579,0.349843497706,0.252349537372,0.408653179437,0.209578770839,0.35144673737,0.0285108695652,-0.0654535519126,-0.0528525345622,0.0135251520558,0.0195046740721,0.0133846694982,0.256356120366,-0.890133174724,-0.424466760439,-1.02273321964,-0.489995579759,-0.489545440624,0.0,0.0,0.0,-3.0,-3.0,-3.0,0.0,0.0,0.0,0.0,0.0,0.0
bn_img_32,3.02068793114,3.10855364977,3.05282624237,3.07831823965,103,0.150579710145,0.0906944444444,0.404,0.587711442786,0.176933333333,0.151759259259,-0.00214583333333,0.0705277777778,0.13284,0.257575757576,0.212121212121,0.242018030884,0.0512420812679,0.0321452024913,0.0997508006094,0.242004856093,47.4474442811,0.0845848423511,0.177354780922,0.47611381028,0.279983275215,0.0574912022852,-0.327149882904,-0.374207352941,-0.320854341737,0.0111007644204,0.00856727906358,0.0124450432094,-1.34362299127,-0.0479313341488,0.268714525289,8.98613307069,-0.733680407027,-0.489862815569,0.0,0.0,0.0,-3.0,-3.0,-3.0,0.0,0.0,0.0,0.0,0.0,0.0
bn_img_33,3.11912927176,3.07691706654,3.1416936039,3.25347057851,72,0.148452380952,0.139310344828,0.443777777778,0.838581560284,0.240555555556,0.222391304348,-0.00489655172414,0.170902173913,0.112366666667,0.369565217391,0.282608695652,0.302542367377,0.0732493141138,0.147934383586,0.132613985446,0.302372228393,65.4941103998,0.131774451897,0.109440692434,0.501927552147,0.245946807709,0.337762360393,0.0696531365314,0.00528608923885,-0.0359080291971,0.0203346914939,0.0396324955808,0.0038503842421,0.403282653552,0.327135203326,-0.525970580697,-1.21636953403,-1.02077131319,-0.886599198028,0.0,0.0,0.0,-3.0,-3.0,-3.0,0.0,0.0,0.0,0.0,0.0,0.0
bn_img_34,3.54942649675,3.51348133404,3.44602292982,3.47922768083,83,0.158157894737,0.142905982906,0.407368421053,0.703928571429,0.221578947368,0.183333333333,0.0196282051282,0.0387,-0.134736842105,0.345454545455,0.236363636364,0.674310721771,0.0251277131836,0.0758284895125,0.181993762978,0.674203937615,140.281618176,0.147223299473,0.0888172077019,0.593839062985,0.195709597459,0.152781616113,0.0888851224105,0.144696537678,0.105301625239,0.0087516195715,0.0162288956907,0.00178436169908,0.412162097557,1.7351500598,-0.566072954895,8.43470846248,3.43669395293,1.31620419872,0.0,0.0,0.0,-3.0,-3.0,-3.0,0.0,0.0,0.0,0.0,0.0,0.0
bn_img_35,2.42008411813,2.41119785666,3.15723046801,3.21892016287,67,0.295833333333,0.484871794872,0.9828,0.947317073171,0.755555555556,0.514343434343,-0.0108461538462,-0.199257575758,0.033,0.375,0.375,0.67794173791,0.434500831095,0.539150353076,0.5452442307,0.677926802833,147.727537521,0.453059103694,0.0426945252369,0.550082516141,0.23765084878,0.418746312993,0.0574779411765,0.0591538461538,0.057644546148,0.000178190689879,0.00308542248521,0.00100117800039,0.767738683692,1.65468588328,-0.717810094279,1.02326543471,7.1010389022,2.83803995184,0.0,0.0,0.0,-3.0,-3.0,-3.0,0.0,0.0,0.0,0.0,0.0,0.0
bn_img_36,3.63477336756,3.56724716923,3.61231001479,3.71794377767,136,0.132195121951,0.166428571429,0.435724637681,0.441835205993,0.209782608696,0.209638554217,-0.0584880952381,-0.138993975904,-0.0738369565217,0.352272727273,0.193181818182,0.107698020578,0.0623418747945,0.11742923763,0.13186448732,0.107697960627,23.9545502402,0.10950570138,0.244588685058,0.385308376686,0.0947789220713,0.131303843598,0.0963987138264,0.042826946848,0.0547868020305,0.0504658796125,0.00190215793889,0.00821229972429,3.50005952101,0.527166523652,3.48012146277,11.0165438192,-0.42252308105,13.9950447042,0.0,0.0,0.0,-3.0,-3.0,-3.0,0.0,0.0,0.0,0.0,0.0,0.0
bn_img_37,2.91624134175,3.08357460937,2.7765659861,2.79028064494,80,0.178333333333,0.103181818182,0.539166666667,0.737592592593,0.285,0.231212121212,0.0134772727273,-0.237803030303,0.090675,0.452830188679,0.377358490566,0.34580808046,0.034753824003,0.0282927922564,0.35718945331,0.345806616324,65.1807789967,0.241593092249,0.0546928359262,0.463018291729,0.116862448524,0.236235655588,0.146673913043,0.185180156658,0.158629989213,0.00197959920089,0.00535313986734,0.00107662360982,-0.571443236217,1.04583286252,-0.528095536601,-0.201634705522,-0.452089171372,-0.481743718503,0.0,0.0,0.0,-3.0,-3.0,-3.0,0.0,0.0,0.0,0.0,0.0,0.0
bn_img_38,2.64467440572,2.6102528015,3.43751172262,3.4523522363,96,0.210416666667,0.179333333333,0.44019047619,0.623703703704,0.21787037037,0.1835,0.0183,0.2753,-0.0614861111111,0.306451612903,0.290322580645,0.226655597453,0.0486037692868,0.149513779868,0.161575463439,0.22656977995,51.7846919561,0.151074654054,0.0668492832173,0.763667397061,0.333243227115,0.142184576181,-0.0579616519174,-0.0526586826347,-0.0816941176471,0.0261553348126,0.0335827948797,0.0786969417301,-0.790141773552,0.266762088408,-0.520360418956,-0.839170938535,-0.574152450083,0.893241769373,0.0,0.0,0.0,-3.0,-3.0,-3.0,0.0,0.0,0.0,0.0,0.0,0.0
bn_img_39,3.43196338406,3.44279769421,3.4424180541,3.43373418482,72,0.126752136752,0.102894736842,0.604774774775,0.834609929078,0.373693693694,0.164042553191,0.0983026315789,-0.465765957447,0.0737432432432,0.304347826087,0.239130434783,0.0878376851767,0.0295694380945,0.0286149171075,0.0902067712864,0.0877568244608,18.6074260988,0.0907055553317,0.0963529380833,0.465470122119,0.0943051846918,0.0460338870464,0.403996969697,0.367644295302,0.423308880309,0.0045485848393,0.0189454801856,0.00223649764315,0.2728220171,0.280368205048,0.598429879978,-0.0936829627718,0.01595631536,2.09198468575,0.0,0.0,0.0,-3.0,-3.0,-3.0,0.0,0.0,0.0,0.0,0.0,0.0
bn_img_4,3.29447588277,3.42658039763,3.0119783825,3.02751369682,84,0.165402298851,0.162745098039,0.604027777778,0.713630952381,0.368666666667,0.230987654321,-0.0111617647059,0.252527777778,0.0689,0.509090909091,0.418181818182,0.364500488423,0.0665942928595,0.160972271773,0.291983921372,0.36444171425,77.22168385,0.293262112566,0.181600349855,0.59035179732,0.348775171135,0.203546366473,-0.334724489796,-0.33814375,-0.326121971596,0.0170680853186,0.0139317272526,0.00184801686896,8.21951330958,1.92872051875,1.5163444416,75.3011623762,12.0551147943,5.24638989798,0.0,0.0,0.0,-3.0,-3.0,-3.0,0.0,0.0,0.0,0.0,0.0,0.0
bn_img_40,2.63259640124,2.72111077898,2.97701227793,3.02881682765,67,0.319215686275,0.364901960784,0.838095238095,0.897286821705,0.582121212121,0.345691056911,0.0922058823529,-0.188451219512,-0.0844090909091,0.547619047619,0.47619047619,0.636148713105,0.31775669858,0.446152934955,0.478183922718,0.636139128397,112.559494514,0.390308794424,0.204246395232,0.815753458428,0.382728886846,0.338004060127,0.0523435897436,-0.0903925233645,0.0889536423841,0.0611448614333,0.0459400390718,0.0243046976302,0.679430705651,-0.234514784889,-0.966706124034,-0.15516712844,2.8498699055,1.32045239732,0.0,0.0,0.0,-3.0,-3.0,-3.0,0.0,0.0,0.0,0.0,0.0,0.0
bn_img_41,2.07944154168,1.85627012819,1.97984935375,2.05056819418,51,0.150833333333,0.0947619047619,0.435555555556,1.18565656566,0.232592592593,0.17119047619,0.0510714285714,0.341714285714,0.185277777778,0.40625,0.3125,0.381603433627,0.0539482776988,0.0443241001075,0.107186234605,0.38138122457,82.0083088357,0.117639098415,0.113534270651,0.609725134627,0.301153994486,0.0749243760836,-0.321974358974,-0.0684692307692,-0.25735618878,0.0187437301118,0.0478465105917,0.0134818624439,-0.0746342833675,0.519523228425,-0.0143799222714,-0.870987215029,-0.186640915486,-1.51361616576,0.0,0.0,0.0,-3.0,-3.0,-3.0,0.0,0.0,0.0,0.0,0.0,0.0
bn_img_42,2.00698121375,1.85627012819,1.49903067298,1.49903067298,125,0.179166666667,0.224285714286,0.582666666667,0.525066666667,0.315333333333,0.184444444444,-0.153785714286,-0.769125,-0.0387,0.364864864865,0.283783783784,0.31846997209,0.13192748429,0.278993168749,0.431933122395,0.318092773798,98.7367354804,0.298102145059,0.388400001576,0.475637735265,0.280637239154,0.110531823248,0.0861304347826,0.212701754386,0.107847826087,0.0324666568998,0.0208827823946,0.00899078119093,-2.30663483798,-1.01954307155,-1.35113814448,4.26784048519,0.234110618638,0.461441772219,0.0,0.0,0.0,-3.0,-3.0,-3.0,0.0,0.0,0.0,0.0,0.0,0.0
bn_img_44,2.23983707839,2.26352987314,2.72952935898,2.65254996171,61,0.150666666667,0.103333333333,0.898125,0.973902439024,0.513541666667,0.513157894737,0.0806,0.221210526316,-0.06990625,0.425,0.35,0.564202239154,0.0447412312948,0.0252542625665,0.466476105066,0.564182243753,111.23034821,0.395942035513,0.365908786448,0.628638091763,0.134577721358,0.483491775221,0.0967368421053,0.145341637011,-0.055124567474,0.146211943906,0.020981392181,0.0038880536871,-0.215875239266,0.660025795689,-0.594040100111,2.37748957512,0.481006332956,-0.650454229212,0.0,0.0,0.0,-3.0,-3.0,-3.0,0.0,0.0,0.0,0.0,0.0,0.0
bn_img_45,3.17412399644,3.45858091334,3.33279912466,3.49976153667,91,0.798686868687,0.580666666667,0.859569892473,0.653606557377,0.682,0.636349206349,-0.0527571428571,-0.0413095238095,0.0121428571429,0.233333333333,0.2,0.206765657296,3.51426232513,0.419022142083,0.426918391751,0.206758484681,52.5482744743,0.418751886989,0.202056546945,0.504853396358,0.214986995335,0.419288140449,0.150318181818,0.0441698717949,0.132832957111,0.00447726239669,0.00330820511793,0.00214795855266,1.98242920702,0.352717988103,1.01583537643,4.034816814,-0.456787721529,1.39425232331,0.0,0.0,0.0,-3.0,-3.0,-3.0,0.0,0.0,0.0,0.0,0.0,0.0
bn_img_46,3.14519099008,3.43244671296,3.23936730927,3.38867214411,94,0.197849462366,0.392857142857,0.680804597701,0.646120218579,0.506875,0.476829268293,-0.0371714285714,-0.0433414634146,0.00396875,0.25,0.216666666667,0.21524705874,0.20679071613,0.299365618004,0.242391746462,0.215243266051,54.0552784241,0.263404443853,0.264975765546,0.537638767555,0.249566841544,0.322463376816,0.0450705128205,-0.0294972067039,0.0405214408233,0.00520916810487,0.0576742276458,0.00426308659003,1.76851350731,2.89180058307,0.734188539967,3.15162652094,8.38369710521,-0.416200209038,0.0,0.0,0.0,-3.0,-3.0,-3.0,0.0,0.0,0.0,0.0,0.0,0.0
bn_img_47,2.91472718996,2.92586797059,2.25002874895,2.30725274533,56,0.14380952381,0.0973333333333,0.512424242424,1.65405797101,0.219090909091,0.143768115942,0.0159,-0.286608695652,0.122681818182,0.545454545455,0.454545454545,1.84656875356,0.0350250962827,0.0269691181416,0.195825581583,1.8465519452,369.25918275,0.143696445687,0.15353066469,0.445846848254,0.167130497833,0.0746541419867,-0.0703450479233,-0.031115942029,0.012188198064,0.00429345921669,0.0104668768266,0.0516831125711,-0.525446241184,0.433496394927,2.33110172043,2.46514124681,0.312433157788,6.77281503786,0.0,0.0,0.0,-3.0,-3.0,-3.0,0.0,0.0,0.0,0.0,0.0,0.0
bn_img_48,3.46923529707,3.41273999552,3.34366431782,3.29302905777,80,0.174504504505,0.173421052632,0.609090909091,0.753012820513,0.366960784314,0.235466666667,-0.0124342105263,-0.02216,0.0473529411765,0.313725490196,0.196078431373,0.17033287927,0.138867613012,0.217065068049,0.276402177004,0.17032504175,50.1962531606,0.320630881016,0.128723856367,0.583922926763,0.18550572884,0.181125812628,0.217893229167,0.191023504274,0.190883181442,0.00347987141249,0.00286246525951,0.00174202694994,1.90088854864,0.0995860877381,-0.619429659408,11.3586201763,1.22182270514,0.00684679107876,0.0,0.0,0.0,-3.0,-3.0,-3.0,0.0,0.0,0.0,0.0,0.0,0.0
bn_img_5,3.1030475875,3.26765238362,2.66072667779,2.61843260727,79,0.16858974359,0.131149425287,0.4875,0.756666666667,0.265833333333,0.175797101449,0.00801724137931,0.225619565217,0.154125,0.509803921569,0.411764705882,0.353963859657,0.0598157647011,0.0981408631156,0.224364844246,0.353941405246,74.2798761442,0.21603594094,0.0832235753608,0.643930543993,0.417826836889,0.0991885794389,-0.354492094862,-0.401317585302,-0.330618686869,0.00163826970035,0.00693130333905,0.00307296992016,-3.12214283335,0.400017272139,2.49904904707,20.1343690889,-0.713046306938,10.4907756871,0.0,0.0,0.0,-3.0,-3.0,-3.0,0.0,0.0,0.0,0.0,0.0,0.0
bn_img_51,3.40595085974,3.54153094778,2.63956618965,2.67300286851,135,0.133434343434,0.264324324324,0.464583333333,0.414895833333,0.220416666667,0.287275985663,0.208472972973,0.0141182795699,0.1394375,0.326315789474,0.231578947368,0.14002004869,0.0770695817861,0.146652056735,0.119697970604,0.140018290148,40.3208365088,0.114004599079,0.243568375048,0.626999062774,0.1294682484,0.13220846852,-0.012,0.0237833333333,0.00882677165354,0.00159730666667,0.00451962527778,0.00813041093682,-1.66434946335,-0.476913557185,1.43192953157,1.48244984839,-0.287524241571,1.16100112727,0.0,0.0,0.0,-3.0,-3.0,-3.0,0.0,0.0,0.0,0.0,0.0,0.0
bn_img_52,3.21192182401,3.41642496501,2.97856015441,3.14295345352,92,0.21064516129,0.182450980392,0.454266666667,0.647222222222,0.24,0.220459770115,0.0278970588235,-0.43074137931,0.159888888889,0.457627118644,0.372881355932,0.526643960034,0.0950435454052,0.233358974534,0.176777374118,0.526634792859,97.4315429189,0.143902115794,0.130371684686,0.609235489274,0.22877780476,0.185653498652,0.0405007012623,0.0386256830601,0.0431646706587,0.00366037622672,0.00610798830213,0.00406882418098,0.893897999776,0.541814179617,1.0505505513,-0.210684719743,1.25228423853,0.683407559766,0.0,0.0,0.0,-3.0,-3.0,-3.0,0.0,0.0,0.0,0.0,0.0,0.0
bn_img_53,3.29714198588,3.2241508286,3.34931385215,3.29670211687,74,0.126060606061,0.107047619048,0.447714285714,0.819861111111,0.231428571429,0.144855072464,0.0273571428571,0.104652173913,0.1515,0.276595744681,0.191489361702,0.213503921158,0.0318292429066,0.0511876189679,0.0919101404792,0.213209655563,58.3462932032,0.0689526440405,0.100048029282,0.527943589188,0.227658045573,0.0883960852351,-0.0360740740741,0.00752485659656,-0.0705562435501,0.0142298733009,0.0266652799749,0.00585901945448,0.715785675715,0.452779829952,-0.908137852571,0.870414477517,-0.608875905112,0.00626003383268,0.0,0.0,0.0,-3.0,-3.0,-3.0,0.0,0.0,0.0,0.0,0.0,0.0
bn_img_54,1.32966134885,1.05492016799,1.09861228867,1.09861228867,0,0.163333333333,0.108888888889,0.888888888889,2.17833333333,0.585555555556,0.251666666667,-0.110333333333,-0.041,-0.1145,0.588235294118,0.588235294118,1.7137065665,0.0374907395973,0.0432335032408,0.0109994388185,1.7093751936,375.014110846,0.0326976421546,0.152162376719,0.255634015733,0.139836213717,0.0917575307233,0.0750377358491,0.232333333333,0.153652173913,0.00215199857601,0.0391625555556,5.30964083176e-05,1.2239984763,1.76459585435,0.350757857283,-0.160805092394,1.16187747033,-1.68771013625,0.0,0.0,0.0,-3.0,-3.0,-3.0,0.0,0.0,0.0,0.0,0.0,0.0
bn_img_55,2.82774442348,3.05377776549,2.28424274416,2.26352987314,83,0.150877192982,0.135466666667,0.414333333333,0.736163522013,0.188666666667,0.22009009009,-0.00866,-0.0938648648649,0.0251,0.519230769231,0.519230769231,0.664185929328,0.0596955443719,0.0745348837048,0.127802364784,0.664170335494,130.828188675,0.0959536925351,0.222552453143,0.45485956622,0.0626720830993,0.249828152933,0.0616171617162,0.0657863247863,0.0589367631297,0.00102319336884,0.00149214522609,0.0033980528071,1.57041323758,-0.686439425658,2.20199883172,4.80987864314,-0.162772731731,4.88721362768,0.0,0.0,0.0,-3.0,-3.0,-3.0,0.0,0.0,0.0,0.0,0.0,0.0
bn_img_56,2.30725274533,2.19120064932,1.05492016799,1.09861228867,156,0.161818181818,0.129666666667,0.384444444444,0.318293333333,0.154444444444,0.115111111111,0.0076,-0.495,-0.1255,0.411290322581,0.395161290323,0.255078524701,0.0550365101292,0.050342162581,0.051231741704,0.255044050931,54.892857969,0.0381355606705,0.273493034646,0.253568465442,0.597301152407,0.0522085088378,0.0636708074534,0.0719873417722,-0.00259615384615,0.00116304070059,0.00158454414357,0.0326367407544,0.262668246142,0.519525996239,-3.71684966469,-1.12387763303,-1.12370066019,12.0574610113,0.0,0.0,0.0,-3.0,-3.0,-3.0,0.0,0.0,0.0,0.0,0.0,0.0
bn_img_57,3.5947902879,3.579291841,3.41647644007,3.41647644007,105,0.155897435897,0.213504273504,0.524411764706,0.553472222222,0.291568627451,0.282873563218,0.00321794871795,-0.0519482758621,-0.0378823529412,0.408450704225,0.380281690141,0.302559762717,0.0349069706951,0.102922947745,0.239402470472,0.302494350907,63.4307228181,0.244214407157,0.235216752055,0.487816154686,0.107744391066,0.144304977539,-0.163173553719,-0.154086387435,-0.172857142857,0.00114382938324,0.0023017176681,0.0020721040158,0.444993281369,2.47170595965,-0.0576536452751,-0.617605376933,11.4146662053,-0.324262960602,0.0,0.0,0.0,-3.0,-3.0,-3.0,0.0,0.0,0.0,0.0,0.0,0.0
bn_img_58,3.56070548665,3.55260949583,3.48924540293,3.48611537513,103,0.156929824561,0.202136752137,0.523684210526,0.561267605634,0.29850877193,0.269672131148,-0.011641025641,-0.0280573770492,-0.0496973684211,0.414285714286,0.371428571429,0.301063459007,0.0359530361222,0.101752414951,0.239232189782,0.30099481693,64.6410165424,0.244911605212,0.266385587812,0.471451204804,0.0909405198521,0.144553460929,-0.155676579926,-0.139185654008,-0.1698984375,0.00100960171916,0.00208475878153,0.00214055374756,0.284406786651,2.58354398644,-0.182345293848,-0.850842694841,11.9648841208,0.34359345255,0.0,0.0,0.0,-3.0,-3.0,-3.0,0.0,0.0,0.0,0.0,0.0,0.0
bn_img_59,3.23580906082,3.20764945143,3.41044054753,3.40751620416,71,0.200344827586,0.280666666667,0.732941176471,0.865481481481,0.472952380952,0.411937984496,0.03115,-0.0456976744186,0.0807428571429,0.363636363636,0.340909090909,0.326479924979,0.126930592636,0.302365243936,0.316239923713,0.326475275284,74.4622665234,0.342426237154,0.166042522164,0.651379476613,0.367360456917,0.308564428426,-0.0546744730679,-0.0973119469027,-0.0738982919255,0.0655405099573,0.0218438119812,0.0228710106182,2.21853135629,2.3797749194,-0.00859932341116,9.6217738497,10.6574433435,0.925250853545,0.0,0.0,0.0,-3.0,-3.0,-3.0,0.0,0.0,0.0,0.0,0.0,0.0
bn_img_6,2.82729445322,2.95886887391,3.44469021412,3.53247578446,125,0.153859649123,0.144126984127,0.383619047619,0.478943089431,0.180571428571,0.19081300813,0.0525238095238,-0.123152439024,0.209928571429,0.246913580247,0.185185185185,0.0996158602629,0.0411567131641,0.155970777218,0.0812652776496,0.0996156477577,20.1469467812,0.0440453281258,0.274889695462,0.572922932975,0.293690365202,0.104447911028,-0.222014869888,-0.179457142857,-0.0537922077922,0.0170474867677,0.011282362449,0.00917463214707,1.44708903092,0.690422767138,-0.65561964633,3.84406840452,1.00564424066,-0.842798957436,0.0,0.0,0.0,-3.0,-3.0,-3.0,0.0,0.0,0.0,0.0,0.0,0.0
bn_img_60,2.42008411813,2.48067955233,3.65396820067,3.66310368656,85,0.1525,0.0861538461538,0.376212121212,0.686551724138,0.137727272727,0.151781609195,-0.0260384615385,0.128801724138,0.221431818182,0.385964912281,0.280701754386,0.240226095581,0.0833791540694,0.0245940078119,0.0365949084959,0.240225917631,51.8312798372,0.0278322239597,0.249118326962,0.49077711898,0.248392024075,0.0591388246528,0.0555429553265,0.0747660472973,0.0986902654867,0.0150553203198,0.00546731097559,0.00218636202913,-6.15227827114,-0.0480033630964,0.265505860799,39.1644091849,0.233790152732,-0.426411768988,0.0,0.0,0.0,-3.0,-3.0,-3.0,0.0,0.0,0.0,0.0,0.0,0.0
bn_img_61,2.74158734771,2.78624459933,2.36562923417,2.47363654165,65,0.253529411765,0.736666666667,1.56666666667,0.94119047619,1.60769230769,1.28883333333,0.124157894737,-0.216975,0.245153846154,0.414634146341,0.414634146341,1.54339224457,0.453097502944,0.611917702681,1.38411356845,1.54289468217,320.590216218,1.78198601614,0.431379703687,0.768445410797,0.34017152826,1.55495633201,-0.18360130719,-0.0423222222222,-0.0160885245902,0.0752038214362,0.0116560850617,0.00805175609782,-0.967770630159,-0.537588403428,-0.489954709308,-0.533628241243,-0.081069855862,2.45814540261,0.0,0.0,0.0,-3.0,-3.0,-3.0,0.0,0.0,0.0,0.0,0.0,0.0
bn_img_62,3.6228552675,3.62284368315,2.52458256148,2.64230124143,122,0.15674796748,0.117829457364,0.29,0.469325396825,0.136888888889,0.128988095238,-0.0423139534884,0.0235625,-0.0613,0.289156626506,0.228915662651,0.198767622121,0.0366074007717,0.0269930005372,0.0364945455082,0.19875151847,52.6581020225,0.0368071383307,0.174656141353,0.352207845781,0.0739361887035,0.0589421280703,0.21372,0.230535714286,0.230360557769,0.0091646989913,0.00686985076531,0.0122061548587,3.68759085706,0.897666021932,0.32914871817,23.5909553371,-0.822880388885,2.18099310562,0.0,0.0,0.0,-3.0,-3.0,-3.0,0.0,0.0,0.0,0.0,0.0,0.0
bn_img_63,3.62921251419,3.51330584171,2.87447375291,3.02835855985,86,0.14512195122,0.0889430894309,0.386666666667,0.68701754386,0.143484848485,0.138830409357,0.0510731707317,-0.173605263158,-0.0350681818182,0.375,0.339285714286,0.304096371525,0.0232588539656,0.0323801858547,0.0867831385196,0.304000910012,69.6625158364,0.048559837842,0.0426031833483,0.358028149154,0.105858964435,0.0788081076267,-0.0747417218543,-0.0353466257669,-0.0575021168501,0.00197845647121,0.00508995960518,0.00113544559247,-0.976542801361,-0.0270404523434,-0.534343388634,0.716951520219,-1.13916295258,1.06118931727,0.0,0.0,0.0,-3.0,-3.0,-3.0,0.0,0.0,0.0,0.0,0.0,0.0
bn_img_64,3.64391716911,3.63130232279,3.62413806848,3.63563450748,118,0.160148148148,0.219111111111,0.420873015873,0.507142857143,0.240158730159,0.224692982456,0.0125888888889,-0.143144736842,0.0775357142857,0.263157894737,0.223684210526,0.135014077672,0.0520159308719,0.163181940419,0.128623274869,0.13501350063,28.3575108746,0.132903976119,0.126773257296,0.504324918865,0.137814419422,0.156884113404,0.091827510917,0.0873858921162,0.0847950191571,0.00341087199424,0.0238339963155,0.00550791392155,-0.0332451261821,0.0642310822903,-1.38781534714,3.32204782964,-0.164819271345,3.67036869073,0.0,0.0,0.0,-3.0,-3.0,-3.0,0.0,0.0,0.0,0.0,0.0,0.0
bn_img_66,2.99024187038,2.9932372631,3.60650725004,3.66684477073,89,0.136086956522,0.0892424242424,0.36384057971,0.669152542373,0.168260869565,0.13406779661,-0.0313181818182,0.345652542373,-0.0215326086957,0.103448275862,0.0862068965517,0.111667953329,0.0617119079945,0.0328899576055,0.0496507969554,0.111627956329,20.0140571111,0.0376978781194,0.100696161507,0.711815078194,0.190094038575,0.0475662598481,0.0200746268657,-0.082316168898,-0.0352345559846,0.031813919804,0.00929144586627,0.000722897686193,2.61814760748,0.419279535396,-0.0907988487954,5.38495817815,-1.05586258362,0.106891942173,0.0,0.0,0.0,-3.0,-3.0,-3.0,0.0,0.0,0.0,0.0,0.0,0.0
bn_img_67,3.388924346,3.46402065576,3.35721281292,3.42054032529,85,0.122666666667,0.0961111111111,0.422843137255,0.700175438596,0.199411764706,0.151111111111,-0.0532361111111,0.250236842105,0.262279411765,0.321428571429,0.303571428571,0.312750851698,0.0264491125665,0.0575771087915,0.122266537176,0.312677228656,67.0763955796,0.125756457723,0.195232748779,0.629481965415,0.303487163969,0.148499096988,-0.221298765432,-0.229709650582,-0.23443923445,0.0351511774059,0.0102903607887,0.00495976114008,4.42391605038,1.23058630422,1.05700233599,22.1134382065,0.843362482858,1.35176365267,0.0,0.0,0.0,-3.0,-3.0,-3.0,0.0,0.0,0.0,0.0,0.0,0.0
bn_img_68,2.63956618965,2.68462723983,2.76812024455,2.75631002657,54,0.19375,0.0985416666667,0.509215686275,1.07198198198,0.225294117647,0.170303030303,0.00903125,-0.112939393939,-0.0170882352941,0.416666666667,0.361111111111,0.773719970398,0.036834370272,0.0306632414301,0.15831436176,0.773152428465,197.794796677,0.135545659883,0.215070371387,0.613648228093,0.327526704582,0.125108339949,0.145773195876,0.180485094851,0.184701475596,0.00100554031247,0.00320549368028,0.00141098050104,-0.797537173831,4.37458325924,5.68040353635,0.428821678824,35.9018015613,61.6013600513,0.0,0.0,0.0,-3.0,-3.0,-3.0,0.0,0.0,0.0,0.0,0.0,0.0
bn_img_69,3.34235924051,3.47271487818,3.41433857224,3.4266969952,80,0.136764705882,0.0925490196078,0.459090909091,0.753012820513,0.171818181818,0.148974358974,-0.0309117647059,-0.00372115384615,0.0105,0.352941176471,0.235294117647,0.177733858954,0.0412586714523,0.0211601244101,0.0606267641405,0.177726347809,48.1153500277,0.0471553840172,0.265970240225,0.49331162539,0.222922428416,0.0420395543371,0.174852998066,0.116327380952,0.121936278059,0.0248178507309,0.00372064430981,0.00293000462887,3.03366409966,0.80552443267,3.88588269668,9.82517087541,2.24540640764,51.7653318583,0.0,0.0,0.0,-3.0,-3.0,-3.0,0.0,0.0,0.0,0.0,0.0,0.0
bn_img_7,2.56073155558,2.66996717375,2.36875420118,2.36647827584,112,0.132857142857,0.134583333333,0.392777777778,0.472777777778,0.163333333333,0.182133333333,0.237,0.0759,0.0164583333333,0.409638554217,0.33734939759,0.217589016082,0.0584435305103,0.0966154677632,0.0725186225551,0.21750891305,64.9814686649,0.0510265000142,0.354583867019,0.530787980271,0.343816900056,0.105842146615,-0.118014814815,0.00392532467532,-0.0827557603687,0.00862639978052,0.0178139132548,0.0160342767525,-1.15264746058,1.02357235536,-3.92620631023,0.193716209104,-0.584784345313,14.6264091866,0.0,0.0,0.0,-3.0,-3.0,-3.0,0.0,0.0,0.0,0.0,0.0,0.0
bn_img_70,3.43513355916,3.61412854229,3.24623845433,3.2254883949,100,0.147521367521,0.435925925926,0.635208333333,0.618958333333,0.3175,0.449153439153,0.244466666667,0.120301587302,0.171515625,0.460317460317,0.31746031746,0.255841110304,0.0893047471444,0.435383122834,0.345316820611,0.255711324354,54.6245351811,0.305874202537,0.329727183525,0.599964737983,0.39460729063,0.39980725879,-0.0646666666667,-0.0927171381032,-0.0223513513514,0.0146012334582,0.0285013609209,0.00490023819959,-1.58604165449,-0.967004512812,-2.10953831539,1.53075004292,1.27576365336,5.06667361259,0.0,0.0,0.0,-3.0,-3.0,-3.0,0.0,0.0,0.0,0.0,0.0,0.0
bn_img_71,3.5497287824,3.61161138872,3.4672198218,3.5027882303,103,0.130263157895,0.252063492063,0.600740740741,0.609435897436,0.348055555556,0.349427083333,0.195035714286,0.1161328125,0.154513888889,0.46875,0.359375,0.317860141327,0.0488964867903,0.190705946089,0.22215708922,0.317758926983,63.2437456271,0.206206738822,0.336490737735,0.620194603042,0.404734746575,0.198611984476,-0.0338145695364,-0.13983908046,-0.0673683083512,0.00187003184071,0.0119681867486,0.00373455385645,0.590776296233,0.434094833799,-2.24514052736,0.46795030879,4.29486900902,6.11542053164,0.0,0.0,0.0,-3.0,-3.0,-3.0,0.0,0.0,0.0,0.0,0.0,0.0
bn_img_72,3.17285357069,3.35453043885,3.37784249792,3.44695969765,73,0.197261904762,0.102,0.414895833333,0.824166666667,0.200303030303,0.156518518519,0.0114,0.225633333333,0.0256818181818,0.489361702128,0.489361702128,0.433990500054,0.0505215149158,0.0342171713444,0.0579809857183,0.433989798861,75.1422262557,0.115035827054,0.0472649270954,0.434018092301,0.185759612426,0.101421880308,-0.181269512195,-0.184130776794,-0.167303847855,0.00276571394854,0.00208636146184,0.00195485194893,-1.60944211743,-1.66650113509,-1.06128859024,3.23283345472,6.15149373965,1.33333391013,0.0,0.0,0.0,-3.0,-3.0,-3.0,0.0,0.0,0.0,0.0,0.0,0.0
bn_img_73,3.07906621774,3.17205346325,3.17943723263,3.24156304251,70,0.237948717949,0.242619047619,0.583,0.859185185185,0.348229166667,0.32119047619,0.0129107142857,0.240642857143,-0.00903125,0.477272727273,0.454545454545,0.417069502238,0.168076287429,0.289959434961,0.397355471046,0.417011262463,79.5001483033,0.314461603794,0.0596771153751,0.413996725972,0.213594714702,0.450645522555,-0.164074141049,-0.146033722438,-0.148670595533,0.00238705236929,0.0177571091092,0.00117754347781,-2.30329176023,5.63950089418,0.332634682639,7.01715932492,32.6755242858,2.62697708558,0.0,0.0,0.0,-3.0,-3.0,-3.0,0.0,0.0,0.0,0.0,0.0,0.0
bn_img_74,1.66094743329,1.49903067298,1.49903067298,1.65811010357,0,0.787777777778,0.224666666667,0.696666666667,0.984144144144,0.388888888889,0.309824561404,-0.1974,-0.743447368421,-0.240833333333,0.444444444444,0.416666666667,1.84476461411,1.50017982461,0.144138821974,0.453642051745,1.84373672602,575.811408944,0.452714719535,0.574294210314,1.05362742959,0.556577013739,0.221260275631,0.655427710843,0.636976190476,0.63552,0.0747285941719,0.00360878514739,0.0001100896,-5.37570846562,1.11318511029,-0.397264769564,27.3755936856,-0.183653208426,-1.66649817999,0.0,0.0,0.0,-3.0,-3.0,-3.0,0.0,0.0,0.0,0.0,0.0,0.0
bn_img_75,3.41723552299,3.62754095861,3.28494341291,3.32551478243,123,0.129333333333,0.296821705426,0.633908045977,0.517012987013,0.414333333333,0.367513227513,0.275174418605,0.621523809524,0.0894833333333,0.460526315789,0.421052631579,0.462248667288,0.0789727700711,0.180344134839,0.244991311075,0.462245169496,97.1442339648,0.253849109454,0.709949808934,0.575422380604,0.666118826779,0.175157241782,-0.479366197183,-0.6062,-0.516676616915,0.193117330688,0.136153173333,0.0627618207965,1.20688611603,1.86279971401,1.22217029382,0.979075013843,3.08863807123,1.10345816398,0.0,0.0,0.0,-3.0,-3.0,-3.0,0.0,0.0,0.0,0.0,0.0,0.0
bn_img_77,2.25002874895,2.465032509,2.59553697031,2.57856391975,62,0.163333333333,0.197619047619,0.515,1.03236842105,0.273541666667,0.296770833333,-0.0870714285714,-0.218609375,0.3136875,0.486486486486,0.432432432432,1.19383514035,0.170738147909,0.201555178043,0.199119589973,1.19365996893,335.249938804,0.174930417714,0.46587562937,0.566258467574,0.296957166261,0.212890954702,0.0678363636364,0.171764705882,0.0469028571429,0.022989191405,0.0505085093426,0.011338944849,0.616269753094,-1.23827514155,-0.530521551344,-0.746735669378,0.617208544003,-0.873954059514,0.0,0.0,0.0,-3.0,-3.0,-3.0,0.0,0.0,0.0,0.0,0.0,0.0
bn_img_79,1.54982604588,1.58109375017,2.23857008375,2.23983707839,69,0.358,0.771333333333,1.43566666667,0.717891156463,0.981,0.75873015873,-0.0225,-0.292988095238,0.0077,0.416666666667,0.375,0.465628806224,0.342225396811,0.621755936397,0.946949546937,0.465592265193,107.695468966,0.857793098597,0.806670626712,1.15673442999,0.386565919346,0.699337915302,0.149404761905,-0.246883597884,0.180233918129,0.0857496695011,0.684968261583,0.085375231832,1.65931150076,0.384008685993,0.101822412292,1.35353422311,-1.68525982147,-1.67451201465,0.0,0.0,0.0,-3.0,-3.0,-3.0,0.0,0.0,0.0,0.0,0.0,0.0
bn_img_8,2.74158734771,2.87461226944,2.50868721444,2.51437794728,111,0.142745098039,0.136140350877,0.409761904762,0.472777777778,0.180666666667,0.193214285714,0.346657894737,0.136285714286,-0.0154,0.409638554217,0.361445783133,0.231637266633,0.0603501254296,0.089261185568,0.0797164049329,0.231562023289,65.5952294529,0.0757305163795,0.424104631226,0.56124276051,0.546119162821,0.10545999822,-0.193720670391,0.0120831024931,-0.0996937984496,0.0306246147124,0.0460892784125,0.0419350651553,-0.960135223863,0.213799506701,-1.82294958406,-0.256901563343,2.71278981567,4.34435843826,0.0,0.0,0.0,-3.0,-3.0,-3.0,0.0,0.0,0.0,0.0,0.0,0.0
bn_img_80,3.16046275736,3.23412261687,3.05188785209,3.16290448467,91,0.173827160494,0.155444444444,0.597777777778,0.668926553672,0.354404761905,0.256725146199,0.00415,0.140675438596,0.0768928571429,0.448275862069,0.344827586207,0.340627941655,0.0811375081537,0.150560639521,0.274062562321,0.34060210398,89.5083445931,0.251121379574,0.540087217494,0.865451203137,0.458242865994,0.246545324373,-0.129591517857,-0.20385177453,-0.0899633027523,0.0841486791245,0.132988030221,0.0881373839744,-0.133025163102,-0.443445352403,0.840567105769,0.960686385883,-0.65225517093,1.12951732836,0.0,0.0,0.0,-3.0,-3.0,-3.0,0.0,0.0,0.0,0.0,0.0,0.0
bn_img_83,2.59202288789,2.56952855814,3.34530514441,3.30560662408,63,0.128222222222,0.0990476190476,0.473535353535,0.96512195122,0.244444444444,0.160325203252,0.154285714286,0.344768292683,-0.142075757576,0.2,0.2,0.320216506619,0.0486387540451,0.0308716896928,0.133880039258,0.320068037472,63.0787728823,0.122528541763,0.290667133768,0.702841116709,0.311993544057,0.0399444389056,-0.105703883495,-0.0782346456693,-0.0828585025381,0.00401809192667,0.0132579811619,0.00136977502923,-0.711817813799,-0.116889225863,0.0972606237778,0.0610628683045,-0.307207287318,0.0422895944679,0.0,0.0,0.0,-3.0,-3.0,-3.0,0.0,0.0,0.0,0.0,0.0,0.0
bn_img_84,2.62856613726,2.80656251475,3.37616708361,3.31160275946,65,0.125882352941,0.0988235294118,0.468279569892,0.941382113821,0.256989247312,0.146,0.00788235294118,0.3423625,-0.14014516129,0.175,0.175,0.347418655547,0.0490235292549,0.0340883353915,0.120844907767,0.347281815997,65.5468462562,0.145055556873,0.247719452881,0.698449425402,0.320420821923,0.0422965719651,0.0988469945355,-0.0871533546326,-0.083025128866,0.0911731022724,0.0124982895814,0.00111034795101,0.929150790915,-0.256966178438,0.0355156582924,-1.07910077101,-1.01979557041,1.00428611219,0.0,0.0,0.0,-3.0,-3.0,-3.0,0.0,0.0,0.0,0.0,0.0,0.0
bn_img_85,2.34444990605,2.25002874895,3.39743048319,3.21204384602,62,0.153939393939,0.0778787878788,0.450392156863,0.941825396825,0.212549019608,0.160406504065,-0.0425,0.350085365854,-0.171852941176,0.243902439024,0.19512195122,0.236351559378,0.0529878618046,0.034532161185,0.0338659864248,0.236040917974,54.7566922985,0.0323992538396,0.0752018495904,0.720376010408,0.316078302133,0.029587911561,-0.0181870229008,-0.0352304785894,-0.00829180695847,0.00170789250335,0.0117144418418,0.00114769711581,1.14195911492,-0.111753299283,-0.231370263977,6.44776417168,-0.989215812606,0.126418414109,0.0,0.0,0.0,-3.0,-3.0,-3.0,0.0,0.0,0.0,0.0,0.0,0.0
bn_img_86,2.19664361303,2.30964993921,3.2581541204,3.32242376019,61,0.149696969697,0.0869696969697,0.451470588235,0.9645,0.213137254902,0.162307692308,0.0311363636364,0.358705128205,-0.172308823529,0.307692307692,0.205128205128,0.234751490109,0.057690475825,0.0293517347741,0.0329208912799,0.234401144535,50.2008715064,0.0306779729421,0.219966122486,0.722955798184,0.316616487594,0.0302332230433,-0.0462981651376,-0.0389032648126,-0.0127432052484,0.00505471384984,0.0117357826617,0.00108386657754,-0.658212074096,-0.0686782532842,0.0437407402645,2.21354489525,-1.03059190284,-0.0952105089597,0.0,0.0,0.0,-3.0,-3.0,-3.0,0.0,0.0,0.0,0.0,0.0,0.0
bn_img_87,3.59281320154,3.50413696539,3.40861491524,3.3509297408,70,0.17918699187,0.0965833333333,0.529791666667,0.855144927536,0.272083333333,0.101956521739,0.0365375,0.239304347826,0.264984375,0.377777777778,0.222222222222,0.221909780355,0.0166060766591,0.0140532222481,0.0393606675855,0.221713417515,54.4892117451,0.0434833141689,0.0863990297616,0.563292065318,0.244026205188,0.0500993027759,0.0352459791864,0.0733391089109,0.0319866607381,0.00937839550181,0.0126152661933,0.00238481974203,4.32370509569,2.03043554027,-1.6412187294,28.7413028283,12.8857828858,5.58565741659,0.0,0.0,0.0,-3.0,-3.0,-3.0,0.0,0.0,0.0,0.0,0.0,0.0
bn_img_88,3.29351634195,3.40942894357,2.95856855789,2.98285513475,133,0.152444444444,0.521274509804,0.969523809524,0.46368627451,0.694444444444,0.654756097561,0.0332205882353,-0.140920731707,0.0350476190476,0.488095238095,0.428571428571,0.23830780194,0.0658501853724,0.370185446113,0.497007218619,0.238174282514,51.5457588897,0.450617839627,0.26376705942,0.605695913349,0.171630895817,0.4193743018,0.163528735632,0.38064957265,0.171526315789,0.0636308238869,0.00774648403828,0.0195810914127,0.89074456863,0.65033914385,0.792435660254,-0.0641773251382,-0.796881446225,-1.36481432638,0.0,0.0,0.0,-3.0,-3.0,-3.0,0.0,0.0,0.0,0.0,0.0,0.0
bn_img_89,2.83078124015,2.97154093076,2.63112981365,2.77324863862,133,0.148421052632,0.323043478261,0.404444444444,0.455517241379,0.217037037037,0.279568627451,0.22102173913,0.00607647058824,0.0829444444444,0.186046511628,0.162790697674,0.167528006837,0.0427199286671,0.33516296857,0.173553990603,0.167506034932,32.4904327514,0.174305992081,0.434157241558,0.567555229268,0.343043441082,0.234458234214,0.303730538922,0.0337461538462,0.2090875,0.0843726878698,0.0219782971006,0.0265147798438,1.26105391288,-1.85320760733,1.0112323692,0.269443483654,4.55691533916,3.39966529804,0.0,0.0,0.0,-3.0,-3.0,-3.0,0.0,0.0,0.0,0.0,0.0,0.0
bn_img_9,3.04455107068,3.10774069926,3.11496794221,3.05394175885,62,0.187179487179,0.181111111111,0.602592592593,0.984166666667,0.307654320988,0.28963963964,0.0590925925926,-0.463581081081,0.0243148148148,0.410256410256,0.410256410256,0.694910886086,0.136718852787,0.241749453679,0.333032374424,0.693978652466,133.312368143,0.324535520975,0.0931621482742,0.564082147476,0.206311708979,0.342285011795,0.268871635611,0.312400885936,0.267553530752,0.00157923818097,0.0135895668652,0.00115824789376,-2.74020339425,4.0656399446,-0.0392254075981,14.5192352984,20.279858428,10.8814665372,0.0,0.0,0.0,-3.0,-3.0,-3.0,0.0,0.0,0.0,0.0,0.0,0.0
bn_img_90,3.05940251466,3.10533010654,2.75464655465,2.75187513988,135,0.145797101449,0.314938271605,0.404259259259,0.44531835206,0.22,0.283914728682,0.159185185185,-0.0395697674419,0.0590789473684,0.227272727273,0.204545454545,0.182468345117,0.0299309574491,0.300343247216,0.176120068316,0.182450164271,34.2675261813,0.169298518316,0.417678042502,0.490900271469,0.325342623575,0.228151311968,0.134290322581,-0.0585294117647,0.0321923076923,0.0531732060354,0.0054961550173,0.00219023224852,1.14771642652,-0.874082390986,-1.18103194499,0.476298841965,0.490375236198,0.442375388531,0.0,0.0,0.0,-3.0,-3.0,-3.0,0.0,0.0,0.0,0.0,0.0,0.0
bn_img_93,2.41148386799,2.52405511373,2.22329343931,2.21836040047,43,0.423333333333,0.407380952381,0.81303030303,1.1468627451,0.571515151515,0.404479166667,0.0804285714286,0.200515625,-0.0102727272727,0.545454545455,0.545454545455,1.46840026103,0.871849885142,0.915234533713,0.976150400882,1.46616393699,284.379297374,1.00788944764,0.391922316334,0.787384520148,0.518285256821,0.613907458516,-0.205240310078,-0.291913580247,-0.280163009404,0.103127391863,0.172976803231,0.107282577817,-0.492425289504,0.758309866989,-0.225388901008,-0.369523898745,0.615702999473,-0.25780800537,0.0,0.0,0.0,-3.0,-3.0,-3.0,0.0,0.0,0.0,0.0,0.0,0.0
bn_img_94,2.67648165319,2.71640277891,1.85627012819,1.94012982046,50,0.158039215686,0.160392156863,0.739047619048,1.30977777778,0.4525,0.301264367816,-0.0184411764706,-0.0309827586207,-0.026875,0.51724137931,0.51724137931,2.2707196692,0.068083559037,0.118481031012,0.848508896205,2.26999807061,396.431913728,0.780764849362,0.239600640917,0.549293189766,0.111803888014,0.322131804481,0.048972972973,-0.100598984772,-0.0379237288136,0.146800574559,0.0474988696436,0.00140682469118,-0.117085325548,-1.97795514035,1.38067253032,0.801964304159,2.28224014346,0.161797053615,0.0,0.0,0.0,-3.0,-3.0,-3.0,0.0,0.0,0.0,0.0,0.0,0.0
bn_img_95,2.7179415449,2.6354778205,2.30725274533,2.19664361303,158,0.143958333333,0.270416666667,0.506666666667,0.3949,0.301212121212,0.383131313131,0.37746875,0.0577272727273,0.0195,0.434343434343,0.333333333333,0.260777134359,0.0671774055724,0.186647599473,0.21931021339,0.260767665812,53.9153883414,0.199652590829,0.319100712391,0.557418754658,0.220847335176,0.244249609305,0.0106504854369,0.0768636363636,-0.0267557251908,0.00123323706287,0.00447698140496,0.0120641540703,-1.10077388883,-0.238102683746,-1.75650114708,0.477299904558,-0.728224123296,3.62556689129,0.0,0.0,0.0,-3.0,-3.0,-3.0,0.0,0.0,0.0,0.0,0.0,0.0
bn_img_96,2.19171626024,2.12171913614,2.25002874895,2.25002874895,111,0.207333333333,0.317,0.67,0.411354166667,0.467575757576,0.518222222222,0.37235,0.0398166666667,0.0518636363636,0.452631578947,0.357894736842,0.302227403636,0.118919206934,0.231897726499,0.365996632981,0.30219758151,59.1589627834,0.335092602636,0.294230441151,0.554635743579,0.266382081273,0.2933582481,0.00369620253165,0.0292112676056,-0.00455729166667,0.00126048998558,0.00271149057727,0.010826517551,-0.946811322282,0.0750806299672,-2.00760734584,-0.188908104175,-1.15985843282,4.96317662313,0.0,0.0,0.0,-3.0,-3.0,-3.0,0.0,0.0,0.0,0.0,0.0,0.0
bn_img_97,1.58109375017,1.5910955636,1.32966134885,1.38629436112,91,0.158,0.0973333333333,0.346666666667,0.630952380952,0.1225,0.199444444444,-0.047,0.0289166666667,-0.055,0.451612903226,0.403225806452,0.299084924586,0.0355652764489,0.0143604394857,0.0385861230093,0.299018768569,64.5589256051,0.0227760839479,0.165022119729,0.194541644356,0.127912079179,0.0633455153976,-0.293435643564,-0.296045454545,-0.313993197279,0.00882381021468,0.0031960130854,0.00619448294692,-0.110528711186,-0.561078069012,-1.33535540658,-0.872576833063,-0.198830798237,1.84459476663,0.0,0.0,0.0,-3.0,-3.0,-3.0,0.0,0.0,0.0,0.0,0.0,0.0
bn_img_99,0.0,0.0,1.05492016799,1.05492016799,130,0.1,0.173333333333,0.347777777778,0.439333333333,0.132222222222,0.196666666667,0.176,0.363375,0.121833333333,0.314606741573,0.213483146067,0.131840424863,0.0,0.0,0.0279329001999,0.131805516746,42.9573949138,0.0547271571379,0.0,0.0310993870518,0.0445090502657,0.0435889894354,0.184,0.113757575758,0.0585,5e-06,0.00741648668503,2.525e-05,1.788854382,-0.704602228382,2.08621109864e-15,1.2,0.450596544694,-1.33967258112,0.0,0.0,0.0,-3.0,-3.0,-3.0,0.0,0.0,0.0,0.0,0.0,0.0
